src,dst,sport,dport,packets,bytes,duration,avg_len,std_len,avg_win,if_pred,score
172.172.30.192,20.42.73.25,64690,443,20,6983,1.7758898735046387,349.15,748.3068801247956,515.65,-1,-0.05444418769967985
172.172.30.192,20.42.73.25,64694,443,9,2928,6.6574249267578125,325.3333333333333,583.0934744961565,7597.111111111111,-1,-0.002357104131232579
